date,chair,emergency,spy_pre5,spy_event0,spy_post1,spy_post3,spy_post5,tlt_pre5,tlt_event0,tlt_post1,tlt_post3,tlt_post5,event_color,post5_complete
2018-01-31,Yellen,False,-0.54,0.05,-0.114,-6.375,-5.048,-1.374,0.59,-1.654,-1.646,-3.186,Green,True
2018-03-21,Powell,False,-2.085,-0.192,-2.5,-1.967,-3.92,-0.201,0.109,0.991,0.529,1.873,Blue,True
2018-05-02,Powell,False,0.761,-0.672,-0.22,1.413,2.394,0.39,-0.11,0.448,0.44,-0.254,Red,True
2018-06-13,Powell,False,1.389,-0.319,0.252,-0.529,-0.741,-0.309,-0.05,0.83,0.83,0.528,Red,True
2018-08-01,Powell,False,-0.099,-0.167,0.545,1.346,1.638,0.017,-1.036,0.144,0.701,0.279,Red,True
2018-09-26,Powell,False,-0.055,-0.299,0.279,0.638,0.635,-0.537,0.703,0.068,-1.149,-2.272,Blue,True
2018-11-08,Powell,False,3.835,-0.181,-0.977,-3.009,-2.667,-0.933,-0.009,0.747,1.342,1.36,Red,True
2018-12-19,Powell,False,-3.426,-1.498,-1.628,-6.734,-1.27,0.606,1.321,-0.363,0.116,-0.941,Blue,True
2019-01-30,Powell,False,0.209,1.583,0.878,1.637,1.928,0.54,-0.074,0.86,-0.422,0.083,Orange,True
2019-03-20,Powell,False,1.041,-0.301,1.129,-0.891,-0.675,-0.533,1.046,0.22,1.94,2.804,Blue,True
2019-05-01,Powell,False,0.389,-0.752,-0.216,0.346,-1.467,0.881,0.202,-0.476,0.081,0.412,Blue,True
2019-06-19,Powell,False,1.211,0.226,0.955,0.198,-0.884,1.355,0.144,0.264,-0.098,-0.43,Green,True
2019-07-31,Powell,False,0.23,-1.094,-0.871,-4.576,-3.181,0.465,0.804,1.783,4.5,5.373,Blue,True
2019-09-18,Powell,False,0.936,0.06,-0.007,-0.96,-1.156,-1.18,0.424,0.301,1.604,1.325,Green,True
2019-10-30,Powell,False,1.405,0.307,-0.266,1.062,0.973,-1.428,1.463,1.349,-0.466,-0.99,Green,True
2019-12-11,Powell,False,1.286,0.284,0.862,1.616,1.644,-1.806,0.786,-1.646,-1.403,-2.347,Green,True
2020-01-29,Powell,False,-1.331,-0.083,0.325,-0.765,1.91,2.646,0.978,0.014,0.678,-1.764,Blue,True
2020-03-03,Powell,True,-4.134,-2.863,4.203,-0.926,-3.937,2.456,1.553,-1.062,6.678,3.953,Blue,True
2020-03-15,Powell,True,-9.46,-10.942,5.399,0.275,-7.046,-7.693,6.477,-6.668,-9.536,1.275,Blue,True
2020-04-29,Powell,False,4.648,2.618,-0.931,-3.288,-3.056,-0.992,-0.519,-1.168,-0.919,-3.141,Orange,True
2020-06-10,Powell,False,4.126,-0.558,-5.765,-3.746,-2.301,-1.979,1.483,1.89,0.964,-0.174,Blue,True
2020-07-29,Powell,False,-1.182,1.23,-0.357,1.129,2.15,1.787,-0.17,0.659,-0.024,0.047,Orange,True
2020-09-16,Powell,False,2.089,-0.397,-0.88,-3.497,-4.775,0.202,-0.299,0.306,0.501,0.556,Red,True
2020-11-05,Powell,False,5.167,1.95,-0.023,1.085,0.848,0.236,0.174,-1.208,-3.842,-1.853,Green,True
2020-12-16,Powell,False,-0.157,0.157,0.559,-0.624,-0.702,0.292,-0.266,-0.369,-0.273,-0.451,Orange,True
2021-01-27,Powell,False,1.357,-2.444,0.86,0.486,1.987,0.703,0.254,-0.553,-1.151,-2.66,Blue,True
2021-03-17,Powell,False,2.257,0.341,-1.455,-1.176,-2.452,-2.455,-0.748,-1.013,0.717,2.173,Orange,True
2021-04-28,Powell,False,1.298,-0.029,0.637,0.192,-0.395,-0.616,0.065,-0.296,-0.151,0.692,Blue,True
2021-06-16,Powell,False,0.521,-0.558,-0.033,-0.296,0.116,0.427,-0.085,1.497,1.675,1.66,Red,True
2021-07-28,Powell,False,1.844,-0.041,0.415,-0.283,0.034,-0.24,0.007,-0.555,0.682,0.942,Blue,True
2021-09-22,Powell,False,-2.373,0.975,1.215,1.092,-0.779,-0.146,0.596,-2.26,-3.571,-4.908,Green,True
2021-11-03,Powell,False,1.303,0.611,0.471,0.906,-0.237,1.371,-1.033,1.051,2.37,1.807,Orange,True
2021-12-15,Powell,False,-1.051,1.562,-0.882,-3.319,-0.618,-0.199,-0.962,-0.074,0.302,0.382,Orange,True
2022-01-26,Powell,False,-4.824,-0.251,-0.494,3.814,5.531,1.513,-1.209,1.836,1.345,1.21,Red,True
2022-03-16,Powell,False,2.383,2.217,1.251,2.013,1.878,-4.529,0.981,-0.745,-1.86,-0.994,Green,True
2022-05-04,Powell,False,0.067,3.045,-3.554,-7.199,-8.463,-3.627,0.551,-2.74,-3.33,-0.573,Green,True
2022-06-15,Powell,False,-10.071,1.426,-3.31,-1.089,-0.301,-5.481,1.866,0.794,-0.595,2.977,Green,True
2022-07-27,Powell,False,-0.352,2.597,1.254,2.426,3.344,2.773,-0.562,0.796,2.756,2.166,Orange,True
2022-09-21,Powell,False,-2.292,-1.744,-0.84,-3.466,-1.818,-1.319,1.675,-2.555,-4.027,-3.425,Blue,True
2022-11-02,Powell,False,-0.104,-2.51,-1.03,1.355,-0.197,1.767,-0.434,-0.54,-3.186,-1.806,Red,True
2022-12-14,Powell,False,2.067,-0.639,-2.446,-4.852,-3.297,0.701,0.427,0.148,-2.635,-4.124,Blue,True
2023-02-01,Powell,False,1.569,1.063,1.456,-0.236,-0.037,-0.047,0.942,0.129,-2.098,-2.422,Green,True
2023-03-22,Powell,False,1.833,-1.705,0.27,1.117,2.356,0.874,1.333,0.0,-1.936,-1.955,Blue,True
2023-05-03,Powell,False,1.172,-0.686,-0.708,1.157,1.184,-1.178,0.558,-0.988,-2.7,-2.107,Blue,True
2023-06-14,Powell,False,2.016,0.119,1.24,0.0,-0.153,-1.162,0.8,0.961,1.264,0.284,Green,True
2023-07-26,Powell,False,0.275,0.015,-0.663,0.501,-1.181,-0.619,0.099,-1.945,-1.205,-4.128,Green,True
2023-09-20,Powell,False,-0.735,-0.919,-1.653,-1.461,-2.87,-1.518,0.313,-2.567,-4.2,-5.027,Blue,True
2023-11-01,Powell,False,-1.282,1.066,1.916,3.083,3.452,-2.074,1.819,2.28,1.974,5.241,Green,True
2023-12-13,Powell,False,1.643,1.379,0.321,0.312,-0.476,0.011,2.346,2.272,1.57,2.809,Green,True
2024-01-31,Powell,False,1.244,-1.632,1.309,2.003,3.152,1.938,0.982,1.635,-2.617,-2.142,Blue,True
2024-03-20,Powell,False,-0.207,0.925,0.33,-0.136,0.517,-2.066,-0.032,0.215,0.667,1.949,Orange,True
2024-05-01,Powell,False,-0.726,-0.325,0.935,3.242,3.366,-0.91,0.385,0.429,1.841,1.841,Blue,True
2024-06-12,Powell,False,1.62,0.821,0.201,1.06,1.042,-0.906,0.751,1.47,1.308,1.556,Green,True
2024-07-31,Powell,False,-2.127,1.625,-1.416,-6.069,-5.837,1.438,1.023,0.527,4.208,1.16,Green,True
2024-09-18,Powell,False,2.602,-0.297,1.706,1.473,1.539,0.149,-1.24,-0.331,-0.924,-1.767,Red,True
2024-11-07,Powell,False,1.902,0.773,0.433,0.217,-0.379,-2.275,1.253,1.27,-0.734,-1.106,Green,True
2024-12-18,Powell,False,0.247,-2.98,-0.031,1.434,2.569,-2.621,-1.633,-1.514,-1.862,-1.503,Red,True
2025-01-29,Powell,False,0.244,-0.448,0.537,-0.671,0.4,0.25,-0.204,0.375,0.17,2.136,Red,True
2025-03-19,Powell,False,0.917,1.089,-0.289,1.225,0.257,0.343,0.518,0.066,-1.546,-2.204,Green,True
2025-05-07,Powell,False,0.808,0.421,0.697,3.892,4.712,-2.96,0.423,-1.115,-1.889,-2.935,Green,True
2025-06-18,Powell,False,-0.92,-0.015,-0.529,1.563,2.415,0.722,0.173,-0.185,0.866,1.5,Blue,True
2025-07-30,Powell,False,1.018,-0.126,-0.375,-0.519,-0.265,0.925,-0.515,0.058,1.37,1.094,Red,True
2025-09-17,Powell,False,1.487,-0.124,0.467,1.162,0.291,1.255,-0.255,-1.032,-1.576,-1.265,Red,True
2025-10-29,Powell,False,2.349,0.048,-1.1,-0.589,-1.427,0.022,-1.011,-0.582,-1.482,-2.338,Orange,True
2025-12-10,Powell,False,0.222,0.663,0.233,-0.995,-2.352,-0.946,0.386,-0.136,-1.03,-0.578,Green,True
2026-01-28,Powell,False,2.643,-0.01,-0.198,-0.001,-1.327,1.327,-0.228,0.023,-1.199,-1.21,Red,True
2026-03-18,Powell,False,-0.944,-1.395,-0.246,-0.915,-0.697,-0.94,-0.56,0.609,-0.655,-0.138,Red,True
2026-04-29,Powell,False,1.081,-0.015,0.995,0.904,3.127,-0.231,-0.776,-0.093,-0.863,0.443,Red,True
2026-06-17,Warsh,False,1.802,-1.249,0.78,-0.422,,1.257,0.162,0.487,-0.081,,Blue,False
